Input,Filtered
-389.0,-389.571
-389.0,-389.524
-390.0,-389.571
-389.0,-389.571
-389.0,-389.524
-390.0,-389.571
-390.0,-389.619
-389.0,-389.571
-389.0,-389.524
-389.0,-389.476
-389.0,-389.429
-389.0,-389.381
-390.0,-389.381
-391.0,-389.429
-391.0,-389.476
-389.0,-389.476
-389.0,-389.476
-389.0,-389.476
-389.0,-389.476
-389.0,-389.429
-390.0,-389.429
-390.0,-389.476
-390.0,-389.524
-389.0,-389.476
-389.0,-389.476
-390.0,-389.524
-390.0,-389.524
-390.0,-389.524
-389.0,-389.524
-389.0,-389.524
-388.0,-389.476
-389.0,-389.476
-390.0,-389.524
-390.0,-389.524
-389.0,-389.429
-389.0,-389.333
-389.0,-389.333
-389.0,-389.333
-389.0,-389.333
-390.0,-389.381
-390.0,-389.429
-389.0,-389.381
-389.0,-389.333
-389.0,-389.286
-389.0,-389.286
-389.0,-389.286
-390.0,-389.286
-390.0,-389.286
-390.0,-389.286
-390.0,-389.333
-390.0,-389.381
-389.0,-389.429
-390.0,-389.476
-390.0,-389.476
-388.0,-389.381
-388.0,-389.333
-391.0,-389.429
-390.0,-389.476
-390.0,-389.524
-389.0,-389.524
-389.0,-389.476
-389.0,-389.429
-390.0,-389.476
-388.0,-389.429
-388.0,-389.381
-390.0,-389.429
-390.0,-389.476
-390.0,-389.476
-390.0,-389.476
-390.0,-389.476
-390.0,-389.476
-389.0,-389.429
-389.0,-389.429
-389.0,-389.381
-389.0,-389.333
-389.0,-389.381
-390.0,-389.476
-390.0,-389.429
-390.0,-389.429
-390.0,-389.429
-389.0,-389.429
-390.0,-389.476
-390.0,-389.524
-390.0,-389.524
-390.0,-389.619
-389.0,-389.667
-389.0,-389.619
-389.0,-389.571
-391.0,-389.619
-391.0,-389.667
-389.0,-389.619
-389.0,-389.571
-389.0,-389.571
-390.0,-389.619
-390.0,-389.667
-389.0,-389.667
-389.0,-389.667
-390.0,-389.667
-390.0,-389.667
-389.0,-389.619
-408.0,-390.476
-408.0,-391.381
-383.0,-391.048
-383.0,-390.714
-254.0,-384.238
-493.0,-389.143
-493.0,-394.095
-419.0,-395.524
-419.0,-396.952
-423.0,-398.476
-429.0,-400.286
-429.0,-402.19
-373.0,-401.429
-373.0,-400.667
-147.0,-389.095
-119.0,-376.19
-119.0,-363.333
-153.0,-352.095
-153.0,-340.809
-175.0,-330.571
-253.0,-324.095
-253.0,-316.714
-292.0,-311.19
-292.0,-306.857
-698.0,-321.857
-359.0,-326.857
-359.0,-320.476
-205.0,-306.762
-230.0,-297.762
-249.0,-289.667
-249.0,-281.381
-292.0,-274.857
-292.0,-268.333
-348.0,-267.143
-320.0,-264.619
-320.0,-272.857
-255.0,-279.333
-255.0,-285.81
-184.0,-287.286
-175.0,-288.333
-175.0,-288.333
-220.0,-286.762
-220.0,-285.19
-283.0,-284.762
-299.0,-285.095
-299.0,-266.095
-319.0,-264.19
-319.0,-262.286
-665.0,-284.19
-239.0,-284.619
-239.0,-284.143
-465.0,-294.429
-465.0,-302.667
-364.0,-306.095
-391.0,-308.143
-391.0,-311.524
-381.0,-314.429
-381.0,-320.429
-374.0,-326.095
-376.0,-335.238
-376.0,-344.81
-376.0,-354.381
-377.0,-361.857
-376.0,-369.286
-376.0,-373.714
-377.0,-377.429
-377.0,-381.143
-376.0,-383.857
-376.0,-386.571
-376.0,-372.81
-377.0,-379.381
-377.0,-385.952
-377.0,-381.762
-376.0,-377.524
-376.0,-378.095
-377.0,-377.429
-377.0,-376.762
-376.0,-376.524
-376.0,-376.286
-376.0,-376.381
-376.0,-376.381
-376.0,-376.381
-376.0,-376.381
-376.0,-376.333
-376.0,-376.333
-377.0,-376.381
-377.0,-376.381
-394.0,-377.19
-457.0,-381.048
-457.0,-384.905
-596.0,-395.381
-326.0,-392.952
-268.0,-387.762
-268.0,-382.571
-131.0,-370.905
-131.0,-359.238
-35.0,-342.952
-39.0,-326.857
-39.0,-310.81
-64.0,-295.952
-64.0,-281.095
-209.0,-273.143
-389.0,-273.762
-389.0,-274.381
-503.0,-280.429
-503.0,-286.476
-588.0,-296.524
-752.0,-314.381
-752.0,-331.429
-904.0,-352.714
-904.0,-374.0
-984.0,-392.476
-1020.0,-425.524
-1020.0,-461.333
-836.0,-488.381
-836.0,-521.952
-645.0,-546.429
-439.0,-565.667
-439.0,-584.714
-255.0,-595.0
-255.0,-604.095
-107.0,-606.143
-107.0,-601.286
-1779.0,-667.476
-1779.0,-733.667
-1469.0,-779.667
-1469.0,-825.667
-1190.0,-854.333
-686.0,-851.191
-686.0,-848.048
54.0,-802.429
54.0,-756.81
769.0,-673.333
861.0,-583.762
861.0,-494.191
554.0,-428.0
554.0,-361.81
301.0,-316.762
280.0,-282.524
280.0,-248.286
287.0,-222.476
287.0,-196.667
74.0,-188.048
-469.0,-205.286
-469.0,-142.905
-792.0,-95.905
-792.0,-63.667
-1100.0,-46.095
-1415.0,-56.81
-1415.0,-91.524
-1321.0,-121.762
-1321.0,-187.238
-898.0,-232.571
-384.0,-287.476
-384.0,-346.762
-1012.0,-435.952
-1416.0,-529.762
-1631.0,-633.81
-1631.0,-725.81
-1552.0,-813.048
-1552.0,-900.286
-1005.0,-961.81
-361.0,-992.667
-361.0,-1013.381
457.0,-969.286
457.0,-925.191
1207.0,-830.0
1101.0,-739.857
1101.0,-635.048
470.0,-545.286
470.0,-455.524
303.0,-378.19
514.0,-290.81
514.0,-223.571
448.0,-183.952
448.0,-144.333
-198.0,-105.571
-1055.0,-88.381
-1055.0,-60.952
-1244.0,-42.524
-1244.0,-27.857
-1440.0,-22.524
-1415.0,-42.048
-1415.0,-92.238
-972.0,-121.333
-972.0,-189.381
-453.0,-232.714
-511.0,-314.524
-1748.0,-450.19
-1748.0,-585.857
-1548.0,-681.952
-1162.0,-759.667
-1162.0,-829.429
-1087.0,-905.667
-1087.0,-981.905
-958.0,-1048.857
-552.0,-1096.476
-552.0,-1113.333
-1.0,-1063.143
-1.0,-1012.952
647.0,-922.905
927.0,-819.524
927.0,-706.809
991.0,-592.238
991.0,-477.667
605.0,-402.571
382.0,-338.095
382.0,-298.333
541.0,-248.238
541.0,-139.238
349.0,-39.381
-724.0,-0.143
-724.0,20.714
-1722.0,-5.952
-1722.0,-36.191
-1573.0,-59.333
-1288.0,-75.048
-1288.0,-110.095
-1081.0,-135.286
473.0,-112.714
285.0,-99.095
285.0,-116.333
-684.0,-193.048
-684.0,-269.762
-1462.0,-386.571
-1369.0,-498.952
-1369.0,-592.952
-1119.0,-664.429
-1119.0,-735.905
-1008.0,-809.667
-1008.0,-883.429
-827.0,-939.429
-488.0,-928.191
-488.0,-916.952
-133.0,-841.286
-133.0,-765.619
268.0,-677.952
611.0,-587.524
611.0,-497.095
880.0,-403.714
880.0,-384.333
797.0,-359.952
411.0,-353.952
411.0,-301.809
199.0,-259.762
199.0,-180.667
197.0,-106.095
102.0,-36.048
102.0,22.095
-321.0,60.095
-321.0,92.81
183.0,149.524
183.0,197.619
331.0,236.619
331.0,275.619
485.0,305.048
542.0,337.19
542.0,350.238
711.0,355.0
711.0,359.762
632.0,347.952
363.0,323.333
363.0,302.667
229.0,294.0
229.0,285.333
20.0,276.81
-191.0,258.238
-191.0,239.762
-477.0,212.19
-477.0,184.619
-1006.0,152.0
-1558.0,93.095
-1558.0,10.19
-1440.0,-67.095
-1440.0,-151.429
-1077.0,-218.476
-897.0,-284.286
-897.0,-352.81
-689.0,-411.429
-689.0,-478.095
-448.0,-533.286
-207.0,-573.238
-207.0,-600.381
169.0,-609.619
64.0,-617.476
64.0,-625.333
-289.0,-640.048
-709.0,-664.714
-709.0,-689.381
-893.0,-709.19
-893.0,-729.0
-1164.0,-736.524
-1281.0,-723.333
-1281.0,-710.143
-1089.0,-693.429
-1089.0,-676.714
-1036.0,-674.762
-954.0,-677.476
-954.0,-680.19
-756.0,-683.381
-756.0,-686.571
-521.0,-690.048
-296.0,-694.286
-296.0,-698.524
-125.0,-712.524
-125.0,-721.524
-8.0,-724.952
129.0,-705.048
129.0,-665.143
279.0,-618.095
279.0,-562.286
451.0,-498.286
451.0,-421.381
461.0,-338.429
496.0,-253.81
-890.0,-244.333
-890.0,-234.857
-1022.0,-234.19
-955.0,-234.238
-955.0,-234.286
-934.0,-242.762
-934.0,-251.238
-932.0,-270.81
-872.0,-298.238
-872.0,-325.667
-707.0,-353.381
-707.0,-381.095
-474.0,-403.286
-313.0,-424.333
-313.0,-445.381
-220.0,-469.143
-220.0,-492.905
-152.0,-521.619
-35.0,-544.762
-35.0,-568.381
117.0,-586.429
117.0,-538.476
218.0,-485.714
240.0,-425.619
240.0,-368.714
201.0,-313.667
201.0,-259.619
184.0,-206.381
196.0,-152.667
196.0,-101.81
196.0,-50.952
196.0,-7.952
-859.0,-15.19
-859.0,-33.524
-941.0,-63.429
-941.0,-93.333
-972.0,-129.143
-975.0,-165.095
-975.0,-204.286
-817.0,-241.524
-817.0,-278.762
-634.0,-314.524
-502.0,-344.0
-502.0,-378.286
-366.0,-407.143
-366.0,-436.0
-208.0,-455.476
-64.0,-468.095
-64.0,-479.905
57.0,-486.524
57.0,-493.143
120.0,-496.762
146.0,-499.143
146.0,-451.286
166.0,-402.476
166.0,-349.762
210.0,-294.952
190.0,-239.619
190.0,-184.143
138.0,-131.143
138.0,-85.667
119.0,-41.095
86.0,-6.81
86.0,21.19
-817.0,6.19
-816.0,-15.238
-816.0,-36.667
-840.0,-66.762
-844.0,-103.905
-844.0,-141.048
-916.0,-187.381
-916.0,-233.714
-798.0,-277.429
-598.0,-312.857
-598.0,-348.286
-449.0,-377.571
-449.0,-406.857
-381.0,-435.0
-310.0,-458.81
-310.0,-482.619
-234.0,-500.333
-234.0,-518.048
-84.0,-527.714
109.0,-526.619
109.0,-525.524
219.0,-476.19
219.0,-426.905
211.0,-378.0
205.0,-328.238
205.0,-278.286
266.0,-225.429
266.0,-169.143
223.0,-114.905
166.0,-69.0
166.0,-32.619
78.0,-0.429
-421.0,0.905
-421.0,2.238
-586.0,-7.524
-957.0,-38.333
-957.0,-69.143
-1123.0,-111.476
-1123.0,-153.81
-1009.0,-197.857
-745.0,-238.524
-745.0,-279.19
-534.0,-315.048
-534.0,-350.905
-461.0,-382.905
-349.0,-409.286
-349.0,-435.667
-169.0,-456.381
-169.0,-477.095
-5.0,-487.952
87.0,-491.714
87.0,-495.476
185.0,-490.381
185.0,-461.524
256.0,-429.286
236.0,-390.143
236.0,-333.333
226.0,-277.0
226.0,-212.762
173.0,-151.048
125.0,-97.048
125.0,-55.619
117.0,-14.571
117.0,16.429
-877.0,0.095
-896.0,-20.619
-720.0,-38.286
-720.0,-55.952
-618.0,-77.333
-618.0,-98.714
-719.0,-132.714
-901.0,-179.762
-901.0,-226.81
-954.0,-281.048
-954.0,-335.286
-787.0,-384.952
-589.0,-424.238
-589.0,-463.524
-482.0,-497.238
-482.0,-530.952
-305.0,-553.714
-104.0,-564.619
-104.0,-575.524
37.0,-579.333
37.0,-583.143
97.0,-536.762
204.0,-484.381
204.0,-440.381
325.0,-390.619
325.0,-345.714
338.0,-300.19
259.0,-253.619
259.0,-198.381
166.0,-147.571
166.0,-94.238
157.0,-41.333
-657.0,-35.143
-582.0,-34.81
-582.0,-34.476
-668.0,-43.333
-668.0,-52.19
-767.0,-74.19
-968.0,-115.333
-968.0,-156.476
-1118.0,-211.476
-1118.0,-266.476
-1058.0,-321.476
-789.0,-368.762
-789.0,-416.048
-547.0,-457.571
-547.0,-499.095
-595.0,-543.524
-634.0,-586.048
-634.0,-628.571
-385.0,-654.81
-385.0,-681.048
5.0,-688.286
231.0,-646.0
231.0,-607.286
266.0,-566.905
266.0,-522.429
306.0,-476.048
296.0,-425.429
296.0,-365.238
362.0,-301.905
362.0,-231.429
393.0,-159.476
257.0,-96.857
-1133.0,-113.238
-1133.0,-129.619
-1253.0,-163.238
-1253.0,-196.857
-1163.0,-223.905
-1081.0,-245.19
-1081.0,-266.476
-1012.0,-296.333
-1012.0,-326.19
-889.0,-368.762
-691.0,-412.667
-691.0,-456.571
-567.0,-496.238
-567.0,-535.905
-484.0,-573.524
-344.0,-604.0
-344.0,-634.476
-56.0,-654.381
-56.0,-674.286
202.0,-683.381
329.0,-679.953
329.0,-610.333
303.0,-541.953
303.0,-467.857
278.0,-394.952
360.0,-322.429
360.0,-253.81
330.0,-186.619
330.0,-122.714
288.0,-60.81
252.0,-6.476
252.0,38.429
-893.0,28.81
-790.0,18.19
-672.0,13.19
-672.0,4.238
-527.0,-4.476
-527.0,-13.19
-306.0,-25.095
-45.0,-24.571
-45.0,-36.333
88.0,-47.81
88.0,-59.286
159.0,-66.143
210.0,-70.571
210.0,-73.81
287.0,-77.286
287.0,-80.762
366.0,-79.048
346.0,-78.286
346.0,-75.524
326.0,-72.0
326.0,-68.476
286.0,-12.333
153.0,32.571
153.0,71.857
-28.0,102.524
-28.0,126.286
-158.0,143.857
-556.0,131.952
-556.0,107.619
-1054.0,59.571
-1054.0,5.19
-1362.0,-63.857
-29.0,-72.809
-29.0,-84.19
91.0,-89.857
173.0,-95.286
173.0,-100.714
271.0,-105.238
271.0,-108.81
409.0,-105.81
374.0,-103.524
374.0,-101.238
281.0,-101.476
281.0,-95.381
308.0,-88.0
222.0,-76.095
222.0,-64.19
-184.0,-65.429
-184.0,-47.714
-775.0,-58.143
-1129.0,-61.714
-1129.0,-65.286
-1288.0,-61.762
-1288.0,-121.714
-1479.0,-190.762
-1457.0,-264.476
-1457.0,-342.095
-1235.0,-409.143
-1235.0,-480.857
-967.0,-539.81
-698.0,-592.524
-698.0,-643.571
-421.0,-681.429
-421.0,-714.857
-76.0,-731.857
-76.0,-750.143
-467.0,-782.952
-467.0,-815.762
-1047.0,-856.857
-1342.0,-912.0
-1342.0,-939.0
-1325.0,-948.333
-1325.0,-957.667
-1123.0,-949.809
-948.0,-933.619
-948.0,-908.333
-933.0,-883.381
-933.0,-858.429
-807.0,-838.048
-506.0,-803.333
-506.0,-781.381
-166.0,-756.048
-166.0,-730.714
100.0,-705.905
233.0,-674.762
233.0,-660.048
239.0,-645.048
239.0,-611.429
203.0,-579.524
122.0,-523.857
122.0,-454.143
38.0,-388.429
38.0,-323.524
5.0,-260.191
5.0,-206.476
-296.0,-175.429
166.0,-122.381
188.0,-69.0
188.0,-15.619
91.0,27.143
44.0,53.333
44.0,79.524
-105.0,82.429
-105.0,85.333
-754.0,44.667
-1440.0,-35.0
-1440.0,-114.667
-1265.0,-186.286
-1265.0,-257.905
-884.0,-309.667
-696.0,-348.619
-696.0,-387.571
-525.0,-414.381
-525.0,-441.19
-336.0,-457.429
-164.0,-465.476
-164.0,-459.19
30.0,-465.667
30.0,-473.19
212.0,-472.048
315.0,-461.381
315.0,-448.476
263.0,-438.048
263.0,-420.524
126.0,-409.524
-432.0,-394.19
-432.0,-346.19
-1574.0,-352.571
472.0,-269.857
472.0,-187.143
522.0,-120.19
387.0,-68.619
387.0,-17.048
396.0,26.81
396.0,70.667
-111.0,81.381
-1680.0,9.19
-1680.0,-63.0
-1998.0,-159.571
-1998.0,-256.143
-1718.0,-348.048
-1207.0,-420.524
-1207.0,-493.0
-862.0,-546.571
-862.0,-600.143
-563.0,-632.952
-244.0,-624.0
-244.0,-615.048
62.0,-537.143
62.0,-556.667
325.0,-563.667
564.0,-561.667
564.0,-553.238
585.0,-543.81
585.0,-534.81
465.0,-531.524
308.0,-511.571
308.0,-416.905
237.0,-325.619
237.0,-219.19
326.0,-108.524
589.0,1.333
665.0,90.476
665.0,179.619
422.0,240.762
422.0,301.905
384.0,347.0
183.0,367.333
183.0,387.667
-1088.0,332.905
-1088.0,278.143
-1991.0,167.857
-1643.0,62.762
-1643.0,-42.333
-1147.0,-124.81
-1147.0,-207.286
-915.0,-273.0
-720.0,-321.952
-720.0,-370.905
-444.0,-403.333
-444.0,-435.762
-118.0,-456.905
161.0,-477.286
161.0,-501.286
434.0,-512.286
434.0,-511.714
575.0,-504.429
505.0,-498.667
505.0,-483.333
379.0,-474.0
379.0,-404.143
234.0,-341.191
62.0,-243.429
373.0,-147.429
373.0,-51.429
528.0,28.333
528.0,108.095
624.0,181.381
449.0,237.048
449.0,292.714
496.0,337.476
496.0,382.238
128.0,393.952
-1283.0,325.19
-1283.0,256.429
-1905.0,145.048
-1905.0,33.667
-1306.0,-55.905
-1044.0,-129.667
-1044.0,-203.429
-1010.0,-269.571
-1010.0,-335.714
-600.0,-375.429
-226.0,-389.143
-226.0,-417.667
31.0,-433.952
31.0,-457.619
388.0,-464.286
693.0,-461.0
693.0,-449.381
760.0,-434.571
760.0,-422.0
587.0,-417.667
429.0,-403.333
194.0,-333.0
194.0,-262.667
636.0,-141.667
636.0,-20.667
774.0,78.381
647.0,158.905
647.0,239.429
491.0,310.905
491.0,382.381
296.0,425.048
-1054.0,385.619
-1054.0,346.19
-1984.0,250.238
-1984.0,154.286
-1359.0,71.095
-854.0,-2.571
-854.0,-76.238
-747.0,-148.0
-747.0,-219.762
-427.0,-268.048
-36.0,-290.19
-36.0,-301.143
538.0,-284.762
538.0,-289.429
1010.0,-271.619
964.0,-262.571
964.0,-247.476
608.0,-249.333
608.0,-243.762
500.0,-243.333
-858.0,-298.286
-858.0,-288.952
812.0,-200.095
558.0,-79.048
-417.0,-4.429
-417.0,40.429
-1905.0,-9.619
-1905.0,-59.667
-1829.0,-111.19
-1215.0,-133.476
-1215.0,-171.0
-984.0,-216.143
-984.0,-261.286
-485.0,-310.0
-485.0,-358.714
607.0,-377.905
1778.0,-339.143
1778.0,-300.381
1412.0,-262.095
1412.0,-223.809
697.0,-214.428
-12.0,-174.143
-12.0,-133.857
-1363.0,-237.429
-1363.0,-328.905
-1963.0,-402.524
-1670.0,-462.19
-1670.0,-451.0
-1341.0,-424.143
-1341.0,-400.905
-489.0,-366.333
1215.0,-250.619
1215.0,-145.905
1997.0,-3.952
1986.0,113.714
1736.0,219.476
1736.0,273.238
548.0,214.667
548.0,156.095
-327.0,73.286
-1395.0,-60.381
-1395.0,-160.0
-1997.0,-254.524
-1997.0,-349.048
-1892.0,-374.238
-1170.0,-365.048
-1170.0,-327.286
285.0,-234.19
285.0,-141.095
1930.0,14.667
1919.0,169.905
1919.0,284.571
749.0,262.381
749.0,240.19
-426.0,124.81
-1336.0,-33.381
-1336.0,-179.667
-1982.0,-356.714
-1982.0,-477.19
-1943.0,-595.81
-1050.0,-630.238
-1050.0,-613.81
787.0,-509.905
787.0,-377.333
1997.0,-187.143
1791.0,-11.762
1868.0,132.905
1868.0,277.571
623.0,293.667
-350.0,263.429
-350.0,154.857
-1305.0,1.333
-1305.0,-152.19
-1980.0,-282.143
-1970.0,-411.619
-1970.0,-485.143
-981.0,-468.238
-981.0,-451.333
714.0,-322.952
1997.0,-133.476
1997.0,54.143
1885.0,193.905
1885.0,333.667
539.0,321.857
-377.0,266.429
-377.0,153.381
-1251.0,8.524
-1251.0,-140.0
-1951.0,-321.857
-1883.0,-441.19
-1883.0,-514.19
-783.0,-534.81
-783.0,-509.952
836.0,-408.0
1997.0,-218.619
1997.0,-29.714
1728.0,146.381
1728.0,275.381
1810.0,408.286
663.0,405.857
-264.0,298.19
-264.0,190.524
-967.0,54.714
-967.0,-81.095
-1478.0,-177.143
-1729.0,-241.524
-1729.0,-305.905
-1230.0,-304.905
-1230.0,-303.905
-127.0,-217.048
1305.0,-65.238
1305.0,86.571
1929.0,215.714
1929.0,344.857
1004.0,352.857
-80.0,253.952
-80.0,155.048
-498.0,49.048
-498.0,-56.952
-884.0,-185.238
-1222.0,-275.0
-1222.0,-320.619
-1393.0,-374.381
-1393.0,-394.667
-746.0,-384.143
426.0,-293.476
426.0,-190.857
1416.0,-41.095
1416.0,84.905
1288.0,204.81
562.0,237.619
1156.0,230.524
1156.0,223.429
1153.0,186.476
438.0,115.476
438.0,88.524
182.0,101.0
182.0,113.476
131.0,143.429
-419.0,147.19
-419.0,169.333
-1100.0,175.143
-1100.0,180.952
-1101.0,194.857
-1101.0,208.762
-1024.0,195.524
-782.0,138.0
-782.0,80.476
-231.0,2.048
-231.0,-76.381
384.0,-119.429
986.0,-99.238
986.0,-107.333
915.0,-118.81
915.0,-130.143
398.0,-132.048
169.0,-144.857
169.0,-145.476
-20.0,-155.095
-20.0,-162.286
-553.0,-168.667
-1034.0,-197.952
292.0,-131.667
292.0,-65.381
1.0,-12.905
1.0,39.571
-586.0,60.429
-1130.0,43.857
-1130.0,27.286
-1106.0,-14.381
-1106.0,-56.048
-1194.0,-131.19
-977.0,-224.667
-977.0,-318.143
-555.0,-388.143
-555.0,-458.143
78.0,-473.381
922.0,-437.524
922.0,-401.667
1350.0,-336.429
1350.0,-271.19
924.0,-200.857
326.0,-136.095
326.0,-134.476
63.0,-145.381
63.0,-142.429
19.0,-141.571
-429.0,-134.095
-429.0,-100.714
-1268.0,-107.286
-1268.0,-115.0
-1119.0,-115.619
-999.0,-106.333
-999.0,-107.381
69.0,-57.571
-329.0,-46.81
-329.0,-36.048
-778.0,-76.81
-915.0,-164.286
-915.0,-251.762
-810.0,-354.619
-810.0,-457.476
-833.0,-541.143
-560.0,-583.333
-560.0,-625.524
-260.0,-640.905
-260.0,-656.286
-32.0,-658.714
335.0,-622.333
335.0,-585.953
863.0,-484.476
863.0,-383.0
821.0,-290.619
475.0,-220.428
475.0,-150.238
206.0,-143.714
206.0,-118.238
120.0,-96.857
64.0,-56.762
64.0,-10.143
-430.0,12.952
-430.0,31.048
-895.0,27.0
-784.0,29.333
-784.0,18.667
-656.0,14.095
-136.0,20.0
-136.0,25.905
-579.0,-0.143
-816.0,-54.952
-816.0,-109.762
-638.0,-181.238
-638.0,-252.714
-455.0,-313.476
-212.0,-346.19
-212.0,-378.905
103.0,-383.81
103.0,-388.714
763.0,-358.095
856.0,-320.381
856.0,-282.667
349.0,-245.571
349.0,-208.476
-29.0,-167.238
-140.0,-136.571
-140.0,-105.905
-371.0,-92.333
-371.0,-103.524
-710.0,-130.857
-966.0,-149.286
-966.0,-156.429
-927.0,-161.714
-927.0,-175.476
-716.0,-179.19
-460.0,-179.429
-460.0,-191.238
-123.0,-187.0
-123.0,-197.762
-754.0,-238.571
-754.0,-310.809
-484.0,-374.619
-484.0,-438.429
-164.0,-462.857
631.0,-449.429
631.0,-418.0
1163.0,-355.952
1163.0,-293.905
600.0,-247.667
13.0,-229.381
13.0,-194.952
10.0,-148.476
10.0,-102.0
33.0,-56.286
33.0,-10.571
-267.0,10.81
-823.0,-6.476
-823.0,-23.762
-906.0,-61.048
-906.0,-98.333
-739.0,-97.619
-660.0,-93.143
-660.0,-101.524
-465.0,-100.619
-465.0,-114.952
-78.0,-148.714
682.0,-146.286
682.0,-169.19
688.0,-191.81
688.0,-187.619
119.0,-182.571
-296.0,-197.286
89.0,-193.524
89.0,-189.762
623.0,-161.667
476.0,-140.571
476.0,-105.19
84.0,-62.0
84.0,-18.809
-91.0,20.0
-69.0,59.857
-69.0,91.762
-149.0,116.095
-149.0,140.429
-484.0,139.524
-698.0,128.429
-698.0,98.905
-736.0,31.381
-736.0,-36.143
-758.0,-105.0
-662.0,-169.286
-662.0,-206.476
-410.0,-211.905
-410.0,-235.667
27.0,-238.619
27.0,-267.0
477.0,-266.952
232.0,-278.571
232.0,-271.524
-56.0,-278.19
-56.0,-276.524
-152.0,-280.476
-159.0,-284.762
-271.0,-290.571
-271.0,-296.381
-284.0,-286.857
-269.0,-266.428
-269.0,-246.0
-221.0,-221.476
-221.0,-196.952
-125.0,-166.81
-125.0,-141.238
-83.0,-113.667
-144.0,-101.0
-144.0,-88.333
-173.0,-97.857
-173.0,-107.381
-200.0,-139.619
-239.0,-162.048
-239.0,-184.476
-192.0,-190.952
-192.0,-197.429
-181.0,-198.81
-133.0,-197.571
-133.0,-191.0
-56.0,-180.762
-56.0,-169.905
26.0,-155.857
59.0,-140.238
59.0,-126.905
-21.0,-117.381
-21.0,-112.429
-93.0,-110.905
-116.0,-112.476
-116.0,-111.143
-795.0,-142.143
-741.0,-169.19
-673.0,-193.0
-673.0,-215.524
-390.0,-222.714
-390.0,-229.905
-194.0,-230.0
-105.0,-225.857
-105.0,-222.238
-169.0,-223.952
-169.0,-225.667
-277.0,-236.19
-391.0,-252.143
-391.0,-272.0
-525.0,-299.81
-525.0,-327.619
-469.0,-348.952
-464.0,-370.048
-464.0,-387.714
-537.0,-407.762
-537.0,-427.81
-635.0,-420.191
-725.0,-419.429
-725.0,-421.905
-654.0,-421.0
-654.0,-433.571
-426.0,-435.286
-149.0,-433.143
-149.0,-435.238
-7.0,-430.571
-7.0,-422.857
29.0,-413.429
-947.0,-445.333
-804.0,-465.0
-804.0,-484.667
-587.0,-487.619
-305.0,-477.143
-305.0,-469.333
39.0,-445.381
39.0,-421.429
261.0,-383.429
261.0,-345.429
164.0,-307.381
10.0,-272.381
10.0,-237.381
-219.0,-216.667
-219.0,-195.952
-405.0,-194.952
-688.0,-220.619
-688.0,-246.286
-959.0,-291.619
-959.0,-336.952
-1109.0,-391.143
-1087.0,-397.81
-1087.0,-411.286
-1006.0,-420.905
-1006.0,-440.857
-891.0,-468.762
-687.0,-486.952
-687.0,-521.524
-445.0,-544.571
-445.0,-578.191
-207.0,-600.476
-7.0,-608.619
-753.0,-644.952
-753.0,-681.286
-673.0,-702.905
-604.0,-721.238
-604.0,-730.714
-495.0,-721.524
-495.0,-712.333
-404.0,-685.905
-378.0,-658.238
-378.0,-623.429
-361.0,-588.857
-361.0,-554.286
-327.0,-521.952
-390.0,-492.619
-390.0,-468.762
-585.0,-463.905
-585.0,-459.048
-677.0,-470.095
-587.0,-476.857
-587.0,-494.952
-366.0,-512.048
-366.0,-493.619
-286.0,-471.381
-333.0,-455.19
-333.0,-442.286
-308.0,-428.19
-308.0,-419.286
-162.0,-403.429
-45.0,-386.333
-45.0,-370.476
18.0,-351.619
18.0,-333.571
-601.0,-345.0
-601.0,-358.048
-301.0,-353.81
-301.0,-349.571
-79.0,-325.476
144.0,-290.762
144.0,-251.667
267.0,-211.0
267.0,-170.333
240.0,-141.476
189.0,-115.048
189.0,-92.429
254.0,-64.476
254.0,-36.524
309.0,-7.143
166.0,15.429
166.0,31.048
-257.0,20.952
-257.0,10.857
-627.0,-19.857
-933.0,-65.143
-933.0,-80.952
-1264.0,-112.524
-1264.0,-158.381
-1436.0,-212.429
-1407.0,-275.667
-1407.0,-349.524
-1148.0,-411.048
-1148.0,-478.429
-778.0,-528.19
-385.0,-557.952
-385.0,-585.286
-615.0,-623.571
-897.0,-678.381
-897.0,-733.19
-1071.0,-798.905
-1376.0,-872.333
-1376.0,-945.762
-1305.0,-995.667
-1305.0,-1045.571
-897.0,-1058.429
-487.0,-1037.19
-487.0,-1015.952
155.0,-948.381
155.0,-880.81
558.0,-785.857
380.0,-700.762
380.0,-615.667
-5.0,-561.238
-5.0,-506.81
-92.0,-474.143
16.0,-455.048
16.0,-435.952
-113.0,-412.048
-113.0,-374.714
-552.0,-358.286
-1156.0,-362.333
-1156.0,-351.857
-1409.0,-353.429
-1409.0,-358.381
-1183.0,-352.571
-755.0,-345.81
-755.0,-358.571
-429.0,-355.81
-340.0,-379.381
-707.0,-420.429
-707.0,-480.667
-858.0,-539.619
-858.0,-598.571
-957.0,-643.905
-1051.0,-693.714
-1051.0,-739.381
-904.0,-783.19
-904.0,-827.0
-621.0,-851.19
-249.0,-857.667
-249.0,-843.238
107.0,-783.095
107.0,-722.952
286.0,-642.238
81.0,-571.286
81.0,-511.095
-133.0,-481.476
-133.0,-451.857
-198.0,-440.857
-222.0,-435.238
-222.0,-412.143
-130.0,-384.667
-130.0,-350.0
-270.0,-322.0
-568.0,-303.476
-568.0,-280.476
-649.0,-261.333
-649.0,-249.19
-501.0,-230.0
-295.0,-214.476
-271.0,-215.524
-271.0,-216.571
-381.0,-239.81
-534.0,-270.333
-534.0,-309.381
-667.0,-345.0
-667.0,-380.619
-715.0,-408.333
-593.0,-430.238
-593.0,-449.048
-485.0,-461.571
-485.0,-474.095
-387.0,-486.333
-319.0,-495.333
-319.0,-497.667
-279.0,-483.905
-279.0,-470.143
-233.0,-450.333
-185.0,-428.238
-185.0,-413.19
-180.0,-407.714
-180.0,-403.381
-214.0,-400.667
-227.0,-393.333
-227.0,-378.714
-219.0,-363.714
-219.0,-342.381
-198.0,-320.048
-179.0,-294.524
-179.0,-274.81
-190.0,-255.619
-190.0,-241.571
-377.0,-236.429
-377.0,-235.952
-359.0,-237.857
-359.0,-239.762
-291.0,-240.333
-242.0,-238.571
-242.0,-239.0
-268.0,-242.952
-268.0,-246.905
-336.0,-254.333
-394.0,-264.524
-394.0,-273.095
-373.0,-280.048
-373.0,-287.0
-339.0,-292.714
-357.0,-299.286
-357.0,-306.857
-367.0,-315.81
-367.0,-324.762
-348.0,-332.286
-301.0,-337.571
-301.0,-333.952
-283.0,-329.476
-283.0,-325.857
-301.0,-323.095
-301.0,-323.571
-376.0,-329.952
-435.0,-339.143
-435.0,-347.095
-410.0,-353.857
-410.0,-357.381
-365.0,-356.0
-174.0,-345.524
-192.0,-336.905
-205.0,-328.905
-205.0,-322.524
-222.0,-316.095
-222.0,-309.667
-234.0,-303.333
-220.0,-296.333
-220.0,-290.238
-203.0,-285.571
-203.0,-280.905
-187.0,-276.333
-187.0,-271.762
-169.0,-265.476
-154.0,-258.476
-154.0,-247.905
-164.0,-235.0
-164.0,-222.095
-216.0,-212.857
-258.0,-205.619
-258.0,-200.524
-278.0,-205.476
-278.0,-209.571
-224.0,-210.476
-227.0,-211.524
-227.0,-211.762
-317.0,-216.286
-317.0,-220.238
-473.0,-232.286
-621.0,-251.381
-621.0,-271.286
-711.0,-295.476
-387.0,-305.0
-381.0,-314.238
-381.0,-324.333
-349.0,-333.619
-349.0,-342.905
-304.0,-349.571
-248.0,-353.571
-248.0,-355.095
-203.0,-352.476
-203.0,-349.857
-179.0,-345.143
-178.0,-340.381
-178.0,-338.19
-173.0,-335.619
-173.0,-333.048
-199.0,-327.429
-239.0,-323.714
-239.0,-312.571
-247.0,-294.762
-247.0,-276.952
-198.0,-252.524
-173.0,-242.333
-173.0,-232.429
-106.0,-219.333
-106.0,-207.762
-46.0,-193.333
-47.0,-181.095
-47.0,-171.524
-87.0,-163.857
-87.0,-158.333
-122.0,-154.476
-119.0,-151.619
-928.0,-187.333
-928.0,-223.048
-767.0,-251.333
-633.0,-273.238
-633.0,-293.905
-536.0,-308.048
-536.0,-322.19
-469.0,-332.762
-424.0,-341.19
-424.0,-351.952
-394.0,-362.476
-394.0,-373.0
-309.0,-382.667
-218.0,-388.0
-218.0,-396.19
-143.0,-400.762
-143.0,-405.333
-103.0,-406.095
-122.0,-407.762
-122.0,-407.762
-120.0,-407.809
-120.0,-369.333
-101.0,-329.952
-73.0,-296.905
-73.0,-270.238
-70.0,-243.429
-70.0,-221.238
-110.0,-200.952
-122.0,-184.429
-122.0,-170.048
-87.0,-154.0
-87.0,-139.381
-624.0,-150.333
-624.0,-165.333
-790.0,-192.571
-790.0,-219.81
-915.0,-256.571
-891.0,-292.19
-891.0,-329.714
-773.0,-360.714
-773.0,-391.714
-606.0,-414.857
-460.0,-431.048
-460.0,-448.143
-369.0,-462.238
-369.0,-476.333
-310.0,-487.762
-275.0,-497.524
-275.0,-505.381
-211.0,-509.619
-211.0,-513.857
-129.0,-515.857
-95.0,-516.238
-95.0,-491.048
-101.0,-466.143
-101.0,-433.333
-104.0,-400.667
-79.0,-360.857
-79.0,-322.19
-21.0,-280.762
-21.0,-244.952
-16.0,-208.905
-16.0,-180.809
60.0,-156.048
-832.0,-173.762
-880.0,-198.095
-880.0,-222.429
-904.0,-250.714
-892.0,-280.095
-892.0,-309.476
-749.0,-335.095
-749.0,-360.714
-526.0,-379.619
-349.0,-391.714
-349.0,-403.81
-253.0,-411.048
-253.0,-418.286
-236.0,-424.571
-246.0,-432.524
-246.0,-440.476
-265.0,-452.095
-265.0,-463.714
-241.0,-474.429
-206.0,-483.476
-206.0,-496.143
-184.0,-465.286
-184.0,-432.143
-72.0,-393.667
53.0,-348.095
53.0,-303.095
163.0,-252.857
163.0,-209.429
251.0,-161.81
229.0,-125.857
229.0,-98.333
115.0,-76.238
-609.0,-93.19
-565.0,-108.048
-565.0,-123.714
-540.0,-137.714
-540.0,-151.714
-473.0,-161.619
-403.0,-168.19
-403.0,-175.905
-363.0,-183.381
-363.0,-190.857
-386.0,-200.476
-382.0,-209.905
-382.0,-224.667
-362.0,-244.429
-362.0,-264.19
-283.0,-285.429
-195.0,-302.476
-195.0,-323.714
-107.0,-339.714
-107.0,-355.714
-35.0,-362.857
50.0,-331.476
50.0,-302.19
138.0,-268.714
138.0,-236.429
157.0,-203.238
84.0,-176.714
84.0,-153.524
-50.0,-136.714
-50.0,-121.81
-74.0,-108.048
-74.0,-93.19
-493.0,-98.476
-493.0,-103.762
-398.0,-105.476
-398.0,-107.19
-400.0,-112.762
-387.0,-121.905
-387.0,-131.048
-379.0,-144.0
-379.0,-156.952
-313.0,-170.19
-177.0,-181.0
-177.0,-191.81
-87.0,-202.524
-87.0,-213.238
-58.0,-223.476
-54.0,-230.048
-54.0,-236.619
-60.0,-237.095
-60.0,-237.571
-42.0,-236.048
-53.0,-235.048
-53.0,-214.095
-53.0,-193.143
-53.0,-176.714
-49.0,-160.095
-99.0,-145.762
-99.0,-132.048
-119.0,-119.286
-119.0,-106.905
-88.0,-93.048
-207.0,-88.0
-207.0,-89.429
-462.0,-103.0
-387.0,-117.286
-387.0,-131.571
-272.0,-141.762
-172.0,-147.381
-172.0,-153.0
-147.0,-157.143
-147.0,-161.286
-152.0,-166.524
-155.0,-171.381
-155.0,-176.238
-138.0,-180.286
-138.0,-184.333
-118.0,-187.619
-167.0,-190.857
-167.0,-194.095
-202.0,-198.048
-202.0,-202.0
-215.0,-208.048
-200.0,-207.714
-200.0,-207.381
-159.0,-192.952
-159.0,-182.095
-145.0,-170.571
-168.0,-165.619
-168.0,-165.429
-183.0,-165.952
-183.0,-167.667
-192.0,-169.81
-164.0,-170.381
-164.0,-170.81
-75.0,-167.0
-96.0,-165.0
-75.0,-162.0
-75.0,-159.952
-127.0,-158.048
-127.0,-156.143
-165.0,-154.381
-33.0,-146.333
-33.0,-137.667
97.0,-123.524
97.0,-109.381
-85.0,-105.857
-80.0,-102.095
-80.0,-99.0
-17.0,-91.81
-17.0,-84.619
-54.0,-78.476
-15.0,-70.476
-15.0,-62.048
82.0,-50.333
82.0,-38.619
-31.0,-36.524
-27.0,-33.238
-27.0,-30.952
-10.0,-27.857
-10.0,-22.286
1.0,-16.19
-15.0,-9.048
-15.0,-8.19
-39.0,-8.476
-39.0,-14.952
-17.0,-20.381
-16.0,-17.095
-14.0,-13.952
-14.0,-10.81
-10.0,-10.476
-10.0,-10.143
-9.0,-8.0
-17.0,-8.095
-17.0,-8.19
-11.0,-12.619
-11.0,-17.048
-10.0,-16.048
-11.0,-15.286
-11.0,-14.524
-11.0,-14.571
-11.0,-14.619
-15.0,-15.381
-10.0,-15.143
-10.0,-14.905
-10.0,-13.524
-10.0,-12.143
-12.0,-11.905
-12.0,-11.714
-12.0,-11.619
-13.0,-11.571
-13.0,-11.714
-11.0,-11.762
-11.0,-11.857
-11.0,-11.571
-12.0,-11.333
-12.0,-11.381
-12.0,-11.429
-12.0,-11.524
-11.0,-11.524
-12.0,-11.571
-12.0,-11.619
-12.0,-11.667
-12.0,-11.524
-12.0,-11.619
-12.0,-11.714
-12.0,-11.81
-12.0,-11.905
-12.0,-11.905
-12.0,-11.905
-12.0,-11.905
-12.0,-11.857
-12.0,-11.81
-11.0,-11.81
-11.0,-11.81
-11.0,-11.81
-12.0,-11.81
-12.0,-11.81
-12.0,-11.81
-12.0,-11.81
-12.0,-11.857
-12.0,-11.857
-11.0,-11.81
-12.0,-11.81
-12.0,-11.81
-11.0,-11.762
-11.0,-11.714
-12.0,-11.714
-11.0,-11.667
-11.0,-11.619
-11.0,-11.571
-11.0,-11.524
-12.0,-11.524
-12.0,-11.524
-12.0,-11.571
-12.0,-11.619
-12.0,-11.667
-12.0,-11.667
-12.0,-11.667
-12.0,-11.667
-12.0,-11.667
-11.0,-11.619
-11.0,-11.571
-12.0,-11.619
-11.0,-11.571
-11.0,-11.524
-12.0,-11.571
-12.0,-11.619
-11.0,-11.571
-12.0,-11.619
-12.0,-11.667
